Excursion,220,1 Jours,"Tanger, MAROC",Moulay Bousselham,Sur demande
Excursion,290,1 Jours,"Tanger, MAROC",Stehat,Sur demande
Excursion,250,1 Jours,"Tanger, MAROC",Cromlech De M’Zoura,Sur demande
Excursion,300,1 Jours,"Tanger, MAROC",Ksar Sghir,Sur demande
Excursion,370,1 Jours,"Meknes, MAROC",Volubilis,Sur demande
Excursion,Sur Demande,1 Jours,"Fès, MAROC",Fès,Sur demande
Excursion,375,1 Jours,"Meknes, MAROC",Meknès,Sur demande
Excursion,135,1 Jours,"Agadir, MAROC",La Kasbah D’Agadir Oufella,Sur demande
Excursion,500,1 Jours,"Agadir, MAROC",Fantasia-Inezgane,Sur demande
Excursion,1190,1 Jours,"Agadir, MAROC",Tafraoute,Sur demande
Excursion,195,1 Jours,"Agadir, MAROC",Tiznit,Sur demande
Excursion,390,1 Jours,"Agadir, MAROC",Immouzzer,Sur demande
Excursion,320,1 Jours,"Marrakech, MAROC",Marrakech,Sur demande
Excursion,600,1 Jours,"Casablanca, MAROC",Casablanca,Sur demande
Excursion,930,1 Jours,"Rabat, MAROC",Visite De Rabat,Sur demande
Excursion,1640,1 Jours,"Casablanca, MAROC",Marrakech,Sur demande
Excursion,930,1 Jours,"El Jadida, MAROC",El Jadida,Sur demande
Excursion,570,1 Jours,"Marrakech, MAROC",Marrakech,Sur demande
Excursion,1200,1 Jours,"Marrakech, MAROC",La Vallée D’Ourika,Sur demande
Excursion,780,1 Jours,"Marrakech, MAROC",Asni-Ouirgane,Sur demande
Excursion,1800,1 Jours,"Ouarzazate, MAROC",Ouarzazate,Sur demande
Excursion,1480,1 Jours,"Essaouira, MAROC",Essaouira,Sur demande
Excursion,220,1 Jours,"Tanger, MAROC",Tanger,Sur demande
Excursion,600,1 Jours,"Asilah, MAROC",Asilah Et Le Souk Berbère,Sur demande
Excursion,900,1 Jours,"Marrakech, MAROC",Diner Chez Ali Marrakech,Sur demande
Excursion,400,1 Jours,"Marrakech, MAROC",Diner Marocain Avec Spectacle,Sur demande
Excursion,200,1 Jours,"Marrakech, MAROC",Visite De Ville,Sur demande
Excursion,500,1 Jours,"Rabat, MAROC",Excursion Numismatique,Sur demande
Excursion,500,1 Jours,"Rabat, MAROC",Musée Des Télécoms,Sur demande
Excursion,680,1 Jours,"Rabat, MAROC",Musée Ethnographique,Sur demande
Excursion,1200,1 Jours,"Ouarzazate, MAROC",Kasbah De Telouet,Sur demande
Excursion,1200,1 Jours,"Ouarzazate, MAROC",Kasbah Et Cinéma En 1/2 Journée,Sur demande
Excursion,1200,1 Jours,"Ouarzazate, MAROC",Les Améthystes,Sur demande
Excursion,830,1 Jours,"Agadir, MAROC",Soirée Berbère,Sur demande
Excursion,1640,1 Jours,"Agadir, MAROC",Massa Safari,Sur demande
Excursion,1200,1 Jours,"Erfoud, MAROC",Dunes Erg Chebbi,Sur demande
Excursion,490,1 Jours,"Fès, MAROC",Sidi Hrazem,Sur demande
Excursion,490,1 Jours,"Fès, MAROC",Moulay Yakoub,Sur demande
Excursion,1090,1 Jours,"Fès, MAROC",Le Moyen Atlas,Sur demande
Voyage Organisé,12700,15 Jours & 14 Nuit(s),"Le Caire, ÉGY...",Circuit Egypte,Sur demande
Voyage Organisé,13700,9 Jours & 8 Nuit(s),"Athènes, GRÈ...",Athènes,Sur demande
Voyage Organisé,17500,10 Jours & 9 Nuit(s),"Istanbul, TURQ...",Istanbul - Antalya,Sur demande
Voyage Organisé,11800,12 Jours & 11 Nuit(s),"Le Caire, ÉGY...",Sharm El Sheikh / Istanbul,Sur demande
Voyage Organisé,11500,8 Jours & 7 Nuit(s),"Antalya, TURQU...",Antalya,Sur demande
Voyage Organisé,23200,14 Jours & 13 Nuit(s),"Kuala Lumpur, ...",Singapour/malaisie,Sur demande
Voyage Organisé,11900,11 Jours & 10 Nuit(s),"Le Caire, ÉGY...",Caire / Sharm Sheikh,Sur demande
Voyage Organisé,6990,8 Jours & 7 Nuit(s),"Tarifa, ESPAGN...",Circuit Andalousie,Sur demande
Voyage Organisé,13500,8 Jours & 7 Nuit(s),"Antalya, TURQU...",Riviere Turque,Sur demande
Voyage Organisé,27300,14 Jours & 13 Nuit(s),"Hanoi, VIETNAM...",Vietnam,Sur demande
Voyage Organisé,18000,13 Jours & 12 Nuit(s),"New Delhi, IND...",Inde - Triangle D’Or,Sur demande
Voyage Organisé,8600,8 Jours & 7 Nuit(s),"Istanbul, TURQ...",Istanbul,Sur demande
Voyage Organisé,22100,13 Jours & 12 Nuit(s),"Kuala Lumpur, ...",Malaisie - Singapour,Sur demande
Voyage Organisé,7750,8 Jours & 7 Nuit(s),Las Palmas (Gr...,Las Palmas,Sur demande
Voyage Organisé,14200,11 Jours & 10 Nuit(s),"Istanbul, TURQ...",Istanbul – Athenes,Sur demande
